chr	start	end	snpId	otherId	position	mutation	anc	der	id	parent
12370563	12370564	Y126261	Unmap							
12370636	12370637	FT355431	Unmap							
12370651	12370652	FT73835	Unmap							
12370688	12370689	FT311803	Unmap							
12370764	12370765	FTA18442	Unmap							
12370793	12370794	FT286330	Unmap							
12370801	12370802	FT123983	Unmap							
12370883	12370884	FT220329	Unmap							
12370948	12370949	FTD7432	Unmap							
12370976	12370977	FTD30148	Unmap							
12370987	12370988	FT160202	Unmap							
12371058	12371059	FTB71512	Unmap							
12371136	12371137	FGC78280	Unmap							
12371191	12371192	FT9296	Unmap							
12371301	12371302	Y210208	Unmap							
12371335	12371336	Y252870	Unmap							
12371517	12371518	FTB80997	Unmap							
12371566	12371567	FGCLR907	Unmap							
12371675	12371676	FTB17412	Unmap							
12371770	12371771	FGC79439	Unmap							
12371813	12371814	FTB17413	Unmap							
12371844	12371845	YMA2148	Unmap							
12371860	12371861	Y354890	Unmap							
12371982	12371983	Y240118	Unmap							
12372264	12372265	Y270479	Unmap							
12372326	12372327	Y282298	Unmap							
12372471	12372472	FT32441	Unmap							
12372657	12372658	FT290235	Unmap							
12372904	12372905	FTB93402	Unmap							
12372951	12372952	Y183782	Unmap							
12372976	12372977	Y185070	Unmap							
12373098	12373099	FTA95230	Unmap							
12373110	12373111	Y315614	Unmap							
12373147	12373148	FT1809	Unmap							
12373244	12373245	A20954	Unmap							
12373294	12373295	Y206801	Unmap							
12373322	12373323	Y336456	Unmap							
12373354	12373355	FTB57942	Unmap							
12373433	12373434	Y126154	Unmap							
12373560	12373561	Y297916	Unmap							
12373565	12373566	FGC78882	Unmap							
12373581	12373582	FT405434	Unmap							
12373617	12373618	FTE96041	Unmap							
12373634	12373635	FT116711	Unmap							
12373647	12373648	FGC85532	Unmap							
12373676	12373677	FT391999	Unmap							
12373679	12373680	Y260704	Unmap							
12373747	12373748	FT5240	Unmap							
12373748	12373749	FT41609	Unmap							
12373761	12373762	FT281612	Unmap							
12373836	12373837	FT399771	Unmap							
12373864	12373865	Y365037	Unmap							
12373989	12373990	Y91569	Unmap							
12374012	12374013	FT397112	Unmap							
12374053	12374054	FT357620	Unmap							
12374092	12374093	FGC78338	Unmap							
12374094	12374095	FTA45294	Unmap							
12374123	12374124	FT143756	Unmap							
12374207	12374208	FTA7804	Unmap							
12374259	12374260	FT335593	Unmap							
12374381	12374382	FT72996	Unmap							
12374399	12374400	FT248969	Unmap							
12374406	12374407	FT260534	Unmap							
12374437	12374438	FT296181	Unmap							
12374542	12374543	Y316368	Unmap							
12374543	12374544	FT168608	Unmap							
12374564	12374565	Y185127	Unmap							
12375006	12375007	FT101708	Unmap							
12375009	12375010	FT329276	Unmap							
12375017	12375018	FTC72165	Unmap							
12375089	12375090	HU564	Unmap							
12375105	12375106	Y126265	Unmap							
12375119	12375120	FT55902	Unmap							
12375122	12375123	FT13044	Unmap							
12375128	12375129	Y181025	Unmap							
12375290	12375291	FT168609	Unmap							
12375354	12375355	FT9297	Unmap							
12375368	12375369	FT133905	Unmap							
12375395	12375396	Y348984	Unmap							
12375501	12375502	FT368882	Unmap							
12375522	12375523	Y626449	Unmap							
12375526	12375527	FTB36265	Unmap							
12375633	12375634	FT1811	Unmap							
12375653	12375654	FT79192	Unmap							
12375662	12375663	Y303082	Unmap							
12375738	12375739	FT121795	Unmap							
12375774	12375775	A26093	Unmap							
12375858	12375859	FT157057	Unmap							
12375893	12375894	FT343123	Unmap							
12375905	12375906	FT168610	Unmap							
12376070	12376071	FGC81800	Unmap							
12376204	12376205	FTD4871	Unmap							
12376222	12376223	FT34399	Unmap							
12376233	12376234	A32158	Unmap							
12376465	12376466	HU565	Unmap							
12376540	12376541	FTD80319	Unmap							
12376673	12376674	FT296186	Unmap							
12376716	12376717	FT34400	Unmap							
12376859	12376860	FTA80794	Unmap							
12377047	12377048	FT65121	Unmap							
12377070	12377071	FT260536	Unmap							
12377079	12377080	Y310248	Unmap							
12377085	12377086	FTB45355	Unmap							
12377102	12377103	Y183279	Unmap							
12377164	12377165	Y331228	Unmap							
12377374	12377375	Y126066	Unmap							
12377375	12377376	Y272618	Unmap							
12377436	12377437	A20696	Unmap							
12377556	12377557	FT72116	Unmap							
12377621	12377622	FT9299	Unmap							
12377692	12377693	FT281614	Unmap							
12377697	12377698	Y221561	Unmap							
12377787	12377788	A29478	Unmap							
12377788	12377789	FT47803	Unmap							
12377868	12377869	FT86804	Unmap							
12377870	12377871	FT236607	Unmap							
12377880	12377881	FGCLR164	Unmap							
12377921	12377922	FGC90289	Unmap							
12378078	12378079	FT384717	Unmap							
12378202	12378203	FT153772	Unmap							
12378203	12378204	FT290236	Unmap							
12378321	12378322	FT365374	Unmap							
12378434	12378435	FT65122	Unmap							
12378455	12378456	FT175238	Unmap							
12378460	12378461	FT405436	Unmap							
12378525	12378526	FT133907	Unmap							
12378722	12378723	FT13045	Unmap							
12378749	12378750	FT300949	Unmap							
12378756	12378757	FT111302	Unmap							
12378775	12378776	FT61442	Unmap							
12378814	12378815	Y191283	Unmap							
12378837	12378838	Y254581	Unmap							
12378940	12378941	Y290197	Unmap							
12379038	12379039	FTF20808	Unmap							
12379082	12379083	FT260537	Unmap							
12379096	12379097	Y125966	Unmap							
12379106	12379107	FTA49974	Unmap							
12379139	12379140	Y213764	Unmap							
12379145	12379146	FT130835	Unmap							
12379214	12379215	Y179856	Unmap							
12379244	12379245	FT143758	Unmap							
12379269	12379270	FGCLR474	Unmap							
12518425	12518426	Y67005	Unmap							
12825892	12825893	L1229	Unmap							
